L34.TTTGGTTAGTCCCACG-1,LEAF0
L34.TTTCCTCTCAAAGTAG-1,LEAF1
L34.TTGTAGGGTCTCCACT-1,LEAF2
L34.TTGAACGGTCTAGAGG-1,LEAF3
L34.TGGGCGTCAATGGACG-1,LEAF4
L34.TGCTGCTGTGTAATGA-1,LEAF5
L34.TGCGCAGCATAGGATA-1,LEAF6
L34.TCCACACAGGTGGGTT-1,LEAF7
L34.TACTTACAGGGCTCTC-1,LEAF8
L34.GTGTTAGAGATGAGAG-1,LEAF9
L34.GGGACCTAGGGATGGG-1,LEAF10
L34.GGCTGGTTCCTAGGGC-1,LEAF11
L34.GCTTCCAAGTCCCACG-1,LEAF12
L34.GCCTCTAAGTATCGAA-1,LEAF13
L34.GCATGCGGTGTTAAGA-1,LEAF14
L34.GACTGCGCAGAAGCAC-1,LEAF15
L34.GACGTTATCCGCATCT-1,LEAF16
L34.GAATAAGCAAGCGAGT-1,LEAF17
L34.CTTTGCGGTGGGTCAA-1,LEAF18
L34.CGTAGGCTCTGACCTC-1,LEAF19
L34.CGTAGGCGTTCGGGCT-1,LEAF20
L34.CGGAGTCGTTAGTGGG-1,LEAF21
L34.CATTCGCTCCCTGACT-1,LEAF22
L34.CAGAGAGTCCAGTATG-1,LEAF23
L34.CAACCTCCATGCTAGT-1,LEAF24
L34.ATTATCCTCTGCCCTA-1,LEAF25
L34.ATGCGATGTTTAGGAA-1,LEAF26
L34.AGGGTGAAGCAGGCTA-1,LEAF27
L34.AGCATACAGCCAGGAT-1,LEAF28
L34.AATCCAGCAGATTGCT-1,LEAF29
L34.AAGGTTCTCGCCAAAT-1,LEAF30
L33.TACTTGTTCACGCGGT-1,LEAF31
L33.ACACCGGGTTGACGTT-1,LEAF32
L32.TTTGTCACAAAGCAAT-1,LEAF33
L32.TTTCCTCGTACCGTTA-1,LEAF34
L32.TTTCCTCCAAGCCTAT-1,LEAF35
L32.TTTACTGTCTCCTATA-1,LEAF36
L32.TTCGGTCCAGCATACT-1,LEAF37
L32.TGTTCCGGTCGTGGCT-1,LEAF38
L32.TGTCCCATCAACGCTA-1,LEAF39
L32.TGTATTCCAATAGCAA-1,LEAF40
L32.TGCTGCTTCGGAGGTA-1,LEAF41
L32.TGCTACCCATGAAGTA-1,LEAF42
L32.TGAAAGATCCCATTTA-1,LEAF43
L32.TCCACACTCCACGTGG-1,LEAF44
L32.TCAACGACATCGGTTA-1,LEAF45
L32.TAGAGCTGTCTAGAGG-1,LEAF46
L32.TACTCATGTAGAGGAA-1,LEAF47
L32.GTGAAGGCAGTCGTGC-1,LEAF48
L32.GTCATTTAGAGACTTA-1,LEAF49
L32.GCTCCTACATAGGATA-1,LEAF50
L32.GCGCCAACATCGTCGG-1,LEAF51
L32.GATGAAAGTGAAGGCT-1,LEAF52
L32.GATCGTACATGAACCT-1,LEAF53
L32.GAGCAGATCTACGAGT-1,LEAF54
L32.GACGTGCGTCACTTCC-1,LEAF55
L32.GACAGAGTCCGAATGT-1,LEAF56
L32.GAAATGATCCGCATCT-1,LEAF57
L32.CTTACCGAGGCAATTA-1,LEAF58
L32.CTGCGGAAGGATGGTC-1,LEAF59
L32.CTGCCTATCCGTTGCT-1,LEAF60
L32.CTAGTGACAGTGGGAT-1,LEAF61
L32.CTACCCACACCTATCC-1,LEAF62
L32.CGTGAGCGTTACGGAG-1,LEAF63
L32.CGTCTACAGACGCACA-1,LEAF64
L32.CGGACACAGCAGGCTA-1,LEAF65
L32.CGATGGCTCGTAGATC-1,LEAF66
L32.CGAATGTCAAGGTTTC-1,LEAF67
L32.CCTTCGAAGAAACCTA-1,LEAF68
L32.CCTATTATCAGGTTCA-1,LEAF69
L32.CCTAAAGAGTTGAGAT-1,LEAF70
L32.CCGGGATTCAGGCAAG-1,LEAF71
L32.CCCTCCTCAGACGCCT-1,LEAF72
L32.CCCAATCCAACTTGAC-1,LEAF73
L32.CATGGCGCACGGTAAG-1,LEAF74
L32.CATCCACTCCCAAGAT-1,LEAF75
L32.CAGTCCTGTAAACGCG-1,LEAF76
L32.CAGCTAATCTACTTAC-1,LEAF77
L32.CACATAGGTCTCCATC-1,LEAF78
L32.CAACTAGGTGTTCTTT-1,LEAF79
L32.ATCCGAAAGTCGTTTG-1,LEAF80
L32.AGTAGTCAGTGTCTCA-1,LEAF81
L32.ACTGAGTCATACAGCT-1,LEAF82
L32.ACGCAGCTCAACACAC-1,LEAF83
L32.AAATGCCCATTGGGCC-1,LEAF84
L32.AAAGTAGTCTTACCGC-1,LEAF85
