L9.TTTGTCATCTGTCAAG-1,LEAF0
L9.TTTGTCATCAGCTTAG-1,LEAF1
L9.TTTGTCAGTGCCTGTG-1,LEAF2
L9.TTTGTCAGTGCAGACA-1,LEAF3
L9.TTTGTCAGTAGCGATG-1,LEAF4
L9.TTTGTCACATTGAGCT-1,LEAF5
L9.TTTGGTTTCGGCGCAT-1,LEAF6
L9.TTTGGTTGTTCTGTTT-1,LEAF7
L9.TTTGGTTCAGATGGGT-1,LEAF8
L9.TTTGGTTCAAGGTGTG-1,LEAF9
L9.TTTGCGCCACCTCGTT-1,LEAF10
L9.TTTCCTCTCACATACG-1,LEAF11
L9.TTTCCTCCAAACGTGG-1,LEAF12
L9.TTTATGCTCCAGTATG-1,LEAF13
L9.TTTATGCGTGTTTGGT-1,LEAF14
L9.TTTATGCGTCGAGATG-1,LEAF15
L9.TTTATGCCATGACATC-1,LEAF16
L9.TTTATGCCAGCGTCCA-1,LEAF17
L9.TTGTAGGCACTACAGT-1,LEAF18
L9.TTGTAGGAGCGTCAAG-1,LEAF19
L9.TTGGCAATCTCGATGA-1,LEAF20
L9.TTGGCAATCGTCCAGG-1,LEAF21
L9.TTGGCAATCCTTTCGG-1,LEAF22
L9.TTGGCAATCCAAACAC-1,LEAF23
L9.TTGGCAAGTGGCAAAC-1,LEAF24
L9.TTGGCAAAGTTGTAGA-1,LEAF25
L9.TTGGAACGTGCTAGCC-1,LEAF26
L9.TTGGAACAGAGTACCG-1,LEAF27
L9.TTGCGTCGTACATGTC-1,LEAF28
L9.TTGCGTCCACAAGTAA-1,LEAF29
L9.TTGCGTCAGATGTCGG-1,LEAF30
L9.TTGCCGTAGACACTAA-1,LEAF31
L9.TTGACTTTCTCTTATG-1,LEAF32
L9.TTGACTTCACCGAATT-1,LEAF33
L9.TTGAACGTCAAAGTAG-1,LEAF34
L9.TTGAACGCATGGGACA-1,LEAF35
L9.TTCTTAGCATGCCCGA-1,LEAF36
L9.TTCTTAGCAAATTGCC-1,LEAF37
L9.TTCTCCTTCTTCAACT-1,LEAF38
L9.TTCTCCTGTATGCTTG-1,LEAF39
L9.TTCTCCTCAGCTCGAC-1,LEAF40
L9.TTCTCAAGTGAAATCA-1,LEAF41
L9.TTCTACATCACGATGT-1,LEAF42
L9.TTCTACACACGAAAGC-1,LEAF43
L9.TTCGGTCTCTCGGACG-1,LEAF44
L9.TTCGGTCCAAGTTCTG-1,LEAF45
L9.TTCGGTCAGCGCTCCA-1,LEAF46
L9.TTCGAAGTCAACGGGA-1,LEAF47
L9.TTCGAAGGTATCGCAT-1,LEAF48
L9.TTCCCAGGTTTAAGCC-1,LEAF49
L9.TTATGCTGTGAAATCA-1,LEAF50
L9.TTATGCTAGATCGATA-1,LEAF51
L9.TTAGGCAAGGATGCGT-1,LEAF52
L9.TTAGGCAAGGAGTAGA-1,LEAF53
L9.TTAGGCAAGCTGATAA-1,LEAF54
L9.TTAGGACTCCCACTTG-1,LEAF55
L9.TTAGGACTCATTATCC-1,LEAF56
L9.TTAGGACGTAGAAAGG-1,LEAF57
L9.TGTTCCGCAGATCCAT-1,LEAF58
L9.TGTTCCGAGGGCATGT-1,LEAF59
L9.TGTGTTTTCGAGAGCA-1,LEAF60
L9.TGTGTTTTCAATCACG-1,LEAF61
L9.TGTGTTTGTATAGGTA-1,LEAF62
L9.TGTGTTTCATCCCATC-1,LEAF63
L9.TGTGGTATCCACTCCA-1,LEAF64
L9.TGTGGTAAGAACAACT-1,LEAF65
L9.TGTATTCTCGATAGAA-1,LEAF66
L9.TGTATTCTCCCTCAGT-1,LEAF67
L9.TGTATTCGTTAAGGGC-1,LEAF68
L9.TGGTTCCGTTGGTGGA-1,LEAF69
L9.TGGGAAGTCTGTACGA-1,LEAF70
L9.TGGCTGGGTACCCAAT-1,LEAF71
L9.TGGCGCATCCAGAAGG-1,LEAF72
L9.TGGCGCACAATCGAAA-1,LEAF73
L9.TGGCCAGCACGAGAGT-1,LEAF74
L9.TGGACGCCAAGCCGTC-1,LEAF75
L9.TGGACGCAGAATGTTG-1,LEAF76
L9.TGCGTGGGTGTGTGCC-1,LEAF77
L9.TGCGTGGCAATAGCGG-1,LEAF78
L9.TGCGGGTAGATATGGT-1,LEAF79
L9.TGCGCAGGTTCCATGA-1,LEAF80
L9.TGCGCAGCAGGCAGTA-1,LEAF81
L9.TGCCCTACAAACGCGA-1,LEAF82
L9.TGCCCATGTACAGACG-1,LEAF83
L9.TGCCCATCACATTTCT-1,LEAF84
L9.TGCCCATCAATAGCAA-1,LEAF85
L9.TGCCAAAGTAGAAAGG-1,LEAF86
L9.TGCCAAACACGGCTAC-1,LEAF87
L9.TGATTTCGTAAGGGAA-1,LEAF88
L9.TGAGGGACAGATAATG-1,LEAF89
L9.TGAGGGACACAACGTT-1,LEAF90
L9.TGAGCCGCAGCTGTGC-1,LEAF91
L9.TGAGCCGAGCGACGTA-1,LEAF92
L9.TGAGCATTCGCCATAA-1,LEAF93
L9.TGAGCATGTGTGAAAT-1,LEAF94
L9.TGAGCATAGAGCTGGT-1,LEAF95
L9.TGAGAGGGTCGAAAGC-1,LEAF96
L9.TGAGAGGGTCAGGACA-1,LEAF97
L9.TGAGAGGGTAGGCTGA-1,LEAF98
L9.TGACTTTGTCCCTACT-1,LEAF99
L9.TGACTAGAGAAACGAG-1,LEAF100
L9.TGACAACCAACTGGCC-1,LEAF101
L9.TGAAAGAGTACCATCA-1,LEAF102
L9.TGAAAGACACATGGGA-1,LEAF103
L9.TGAAAGACACATCTTT-1,LEAF104
L9.TCTTTCCGTGCTAGCC-1,LEAF105
L9.TCTTCGGGTCTTCAAG-1,LEAF106
L9.TCTTCGGAGGAGTAGA-1,LEAF107
L9.TCTGGAACATGCCCGA-1,LEAF108
L9.TCTGGAACACGCATCG-1,LEAF109
L9.TCTGGAACACATCCGG-1,LEAF110
L9.TCTCTAACAGTAACGG-1,LEAF111
L9.TCTCATAGTAATTGGA-1,LEAF112
L9.TCTATTGGTCGCTTCT-1,LEAF113
L9.TCTATTGAGACTGTAA-1,LEAF114
L9.TCGTACCGTCAACATC-1,LEAF115
L9.TCGTACCGTACTCTCC-1,LEAF116
L9.TCGTACCCATCGGACC-1,LEAF117
L9.TCGGGACCACGAAACG-1,LEAF118
L9.TCGCGAGTCGGGAGTA-1,LEAF119
L9.TCGAGGCGTCACACGC-1,LEAF120
L9.TCCCGATTCAACTCTT-1,LEAF121
L9.TCCCGATGTCAATACC-1,LEAF122
L9.TCCCGATAGCTGCGAA-1,LEAF123
L9.TCCACACTCTCTAAGG-1,LEAF124
L9.TCATTTGTCACGCGGT-1,LEAF125
L9.TCATTTGAGATAGGAG-1,LEAF126
L9.TCATTACGTGGTCCGT-1,LEAF127
L9.TCATTACCAAGTTAAG-1,LEAF128
L9.TCAGGTATCACCCTCA-1,LEAF129
L9.TCAGGTAAGGCAGGTT-1,LEAF130
L9.TCAGGATTCTAACGGT-1,LEAF131
L9.TCAGGATTCACTTACT-1,LEAF132
L9.TCAGCAAGTTCAGGCC-1,LEAF133
L9.TCAGATGTCAGAGACG-1,LEAF134
L9.TCAGATGAGCGATCCC-1,LEAF135
L9.TCACGAACAAGGACTG-1,LEAF136
L9.TCACAAGAGGGAACGG-1,LEAF137
L9.TCAATCTTCTAACTCT-1,LEAF138
L9.TCAATCTGTGTGACCC-1,LEAF139
L9.TCAATCTAGGGTCGAT-1,LEAF140
L9.TATCTCACACTGTGTA-1,LEAF141
L9.TATCAGGTCTGGTATG-1,LEAF142
L9.TATCAGGGTCGGCTCA-1,LEAF143
L9.TAGTGGTTCCGTCAAA-1,LEAF144
L9.TAGTGGTTCAGGCGAA-1,LEAF145
L9.TAGTGGTGTGATGTGG-1,LEAF146
L9.TAGTGGTAGCCAACAG-1,LEAF147
L9.TAGCCGGAGTCGATAA-1,LEAF148
L9.TAGACCAGTAGCGATG-1,LEAF149
L9.TAGACCACATGGGACA-1,LEAF150
L9.TAGACCACATAAAGGT-1,LEAF151
L9.TACTTGTCAGTCGTGC-1,LEAF152
L9.TACTTGTAGTATCTCG-1,LEAF153
L9.TACTTACGTTGAGTTC-1,LEAF154
L9.TACTCGCAGGCAATTA-1,LEAF155
L9.TACGGTATCCTGTACC-1,LEAF156
L9.TACGGTATCACATACG-1,LEAF157
L9.TACGGTAAGATCTGAA-1,LEAF158
L9.TACGGGCTCTTTACAC-1,LEAF159
L9.TACGGGCAGAGCTGGT-1,LEAF160
L9.TACGGATTCGCTTAGA-1,LEAF161
L9.TACGGATTCAATAAGG-1,LEAF162
L9.TACCTTAAGATCTGCT-1,LEAF163
L9.TACCTATTCGCAAGCC-1,LEAF164
L9.TACAGTGAGCAGCGTA-1,LEAF165
L9.TACACGATCACATAGC-1,LEAF166
L9.TACACGAGTAAATGAC-1,LEAF167
L9.TAAACCGCAAGCTGAG-1,LEAF168
L9.GTTTCTATCATAACCG-1,LEAF169
L9.GTTTCTAGTCCTCCAT-1,LEAF170
L9.GTTTCTAGTCAGTGGA-1,LEAF171
L9.GTTTCTACATACGCCG-1,LEAF172
L9.GTTTCTAAGTATCTCG-1,LEAF173
L9.GTTTCTAAGCGAAGGG-1,LEAF174
L9.GTTCATTGTTGATTGC-1,LEAF175
L9.GTTACAGAGCTGGAAC-1,LEAF176
L9.GTTACAGAGCAGGCTA-1,LEAF177
L9.GTGTGCGGTTGCGCAC-1,LEAF178
L9.GTGGGTCAGATCCTGT-1,LEAF179
L9.GTGGGTCAGAAGAAGC-1,LEAF180
L9.GTGCTTCTCTCAAACG-1,LEAF181
L9.GTGCTTCCACGGTTTA-1,LEAF182
L9.GTGCATATCAGTGCAT-1,LEAF183
L9.GTGCAGCCAGGGTATG-1,LEAF184
L9.GTCTTCGTCTTCAACT-1,LEAF185
L9.GTCCTCAGTCAAAGCG-1,LEAF186
L9.GTCACAAAGATGTGGC-1,LEAF187
L9.GTCAAGTCATTCACTT-1,LEAF188
L9.GTATTCTTCCGCGGTA-1,LEAF189
L9.GTAGTCACATTTCACT-1,LEAF190
L9.GTAGGCCGTGGTCCGT-1,LEAF191
L9.GTAGGCCGTACTTAGC-1,LEAF192
L9.GTAGGCCAGCGGCTTC-1,LEAF193
L9.GTACTTTAGAACAACT-1,LEAF194
L9.GTACGTAGTTGCTCCT-1,LEAF195
L9.GGTGTTAAGTCAATAG-1,LEAF196
L9.GGTGCGTGTCTAAAGA-1,LEAF197
L9.GGTATTGCACAGGTTT-1,LEAF198
L9.GGGTTGCGTCCAGTTA-1,LEAF199
L9.GGGTCTGGTCTAGCCG-1,LEAF200
L9.GGGTCTGCACCAACCG-1,LEAF201
L9.GGGTCTGCAAGAAGAG-1,LEAF202
L9.GGGCACTCAAGGTTTC-1,LEAF203
L9.GGGCACTAGTAGGTGC-1,LEAF204
L9.GGGCACTAGTAACCCT-1,LEAF205
L9.GGGCACTAGCACGCCT-1,LEAF206
L9.GGGATGAGTCTAGTGT-1,LEAF207
L9.GGGATGAAGCCTTGAT-1,LEAF208
L9.GGGAGATTCCTAGTGA-1,LEAF209
L9.GGGACCTTCACTATTC-1,LEAF210
L9.GGCTGGTGTTACGACT-1,LEAF211
L9.GGCTGGTCACTTGGAT-1,LEAF212
L9.GGCTCGACAGCATGAG-1,LEAF213
L9.GGCGTGTGTCATTAGC-1,LEAF214
L9.GGCGACTTCTGCGGCA-1,LEAF215
L9.GGCCGATTCGCATGAT-1,LEAF216
L9.GGCCGATGTCCTCCAT-1,LEAF217
L9.GGCCGATCACCAGTTA-1,LEAF218
L9.GGCAATTGTCTACCTC-1,LEAF219
L9.GGATTACTCGTTGCCT-1,LEAF220
L9.GGATTACCATGTCCTC-1,LEAF221
L9.GGATGTTGTGGCCCTA-1,LEAF222
L9.GGATGTTGTCTCATCC-1,LEAF223
L9.GGATGTTCAAAGCAAT-1,LEAF224
L9.GGAGCAATCCCATTAT-1,LEAF225
L9.GGACGTCCAGGACGTA-1,LEAF226
L9.GGACAGACAGCTTCGG-1,LEAF227
L9.GGAATAATCTGCCAGG-1,LEAF228
L9.GGAAAGCTCTTCATGT-1,LEAF229
L9.GCTTGAATCTGTCTAT-1,LEAF230
L9.GCTTGAATCTGCCAGG-1,LEAF231
L9.GCTTGAAGTTGGACCC-1,LEAF232
L9.GCTGCTTTCCGCAGTG-1,LEAF233
L9.GCTGCTTCACAACGCC-1,LEAF234
L9.GCTGCGACAAGTTCTG-1,LEAF235
L9.GCTGCAGTCATGGTCA-1,LEAF236
L9.GCTGCAGGTCTCATCC-1,LEAF237
L9.GCTCTGTCATTTCACT-1,LEAF238
L9.GCTCCTATCTGGGCCA-1,LEAF239
L9.GCTCCTAGTAGGAGTC-1,LEAF240
L9.GCGCCAATCAATACCG-1,LEAF241
L9.GCGCAGTTCCAAAGTC-1,LEAF242
L9.GCGCAACGTTCCAACA-1,LEAF243
L9.GCGAGAATCTTGCATT-1,LEAF244
L9.GCGAGAATCATCTGTT-1,LEAF245
L9.GCGACCAAGACTAAGT-1,LEAF246
L9.GCCAAATTCTCGAGTA-1,LEAF247
L9.GCCAAATGTGAGCGAT-1,LEAF248
L9.GCATGCGTCCTAGAAC-1,LEAF249
L9.GCATGCGGTCATTAGC-1,LEAF250
L9.GCATGCGCAGTAAGAT-1,LEAF251
L9.GCATGCGAGGCCGAAT-1,LEAF252
L9.GCAGCCACATCCTTGC-1,LEAF253
L9.GCAGCCACAGTTTACG-1,LEAF254
L9.GCAGCCAAGCCCAATT-1,LEAF255
L9.GCACTCTAGCCGCCTA-1,LEAF256
L9.GCACTCTAGAGTGACC-1,LEAF257
L9.GCAATCAGTGACGGTA-1,LEAF258
L9.GCAAACTGTTCACCTC-1,LEAF259
L9.GCAAACTCACCCATGG-1,LEAF260
L9.GATGAAATCAGGTTCA-1,LEAF261
L9.GATCGTAAGCCAGGAT-1,LEAF262
L9.GATCGCGCAGCTGTGC-1,LEAF263
L9.GATCGATTCTGCGGCA-1,LEAF264
L9.GATCGATTCAAACAAG-1,LEAF265
L9.GATCGATCATCCAACA-1,LEAF266
L9.GAGCAGACAAGTAGTA-1,LEAF267
L9.GACGTTAGTCCCTTGT-1,LEAF268
L9.GACGTTAAGTTGAGTA-1,LEAF269
L9.GACGTGCTCGGTTCGG-1,LEAF270
L9.GACGGCTGTATTACCG-1,LEAF271
L9.GACCTGGGTCAGAAGC-1,LEAF272
L9.GACCAATCACGCCAGT-1,LEAF273
L9.GACAGAGGTGTCGCTG-1,LEAF274
L9.GACAGAGCAGTAGAGC-1,LEAF275
L9.GAATAAGGTTGGTTTG-1,LEAF276
L9.GAAGCAGTCGCTTAGA-1,LEAF277
L9.GAACGGATCAATAAGG-1,LEAF278
L9.GAACCTAAGTAGCGGT-1,LEAF279
L9.GAACATCTCTCTAGGA-1,LEAF280
L9.GAACATCAGGTAGCTG-1,LEAF281
L9.GAAATGATCTACTATC-1,LEAF282
L9.GAAATGACAACCGCCA-1,LEAF283
L9.GAAATGAAGTGAAGAG-1,LEAF284
L9.GAAACTCTCAGTACGT-1,LEAF285
L9.CTTTGCGCATGGTCTA-1,LEAF286
L9.CTTCTCTTCTCTTGAT-1,LEAF287
L9.CTTCTCTCACGGTAGA-1,LEAF288
L9.CTTACCGGTCTTTCAT-1,LEAF289
L9.CTGCGGATCCCACTTG-1,LEAF290
L9.CTGCGGAGTTCAGACT-1,LEAF291
L9.CTGCGGAGTAGGCTGA-1,LEAF292
L9.CTGCCTAAGTACGCGA-1,LEAF293
L9.CTGAAACTCACATGCA-1,LEAF294
L9.CTGAAACTCAAACGGG-1,LEAF295
L9.CTGAAACCATTCTTAC-1,LEAF296
L9.CTGAAACCATGGGAAC-1,LEAF297
L9.CTCTACGGTAGGCATG-1,LEAF298
L9.CTCTAATTCTCCAACC-1,LEAF299
L9.CTCGTCAAGGCTAGAC-1,LEAF300
L9.CTCGTCAAGATAGGAG-1,LEAF301
L9.CTCGGGACAGCTTAAC-1,LEAF302
L9.CTCGGAGTCCTTGACC-1,LEAF303
L9.CTCGGAGAGAATGTGT-1,LEAF304
L9.CTCGAGGCAGGGCATA-1,LEAF305
L9.CTCGAAACAAACTGTC-1,LEAF306
L9.CTCGAAAAGATCCCAT-1,LEAF307
L9.CTCATTACACGAAACG-1,LEAF308
L9.CTCAGAAAGAGTAATC-1,LEAF309
L9.CTAGAGTCAGCGAACA-1,LEAF310
L9.CTACATTAGCTCCTTC-1,LEAF311
L9.CTAATGGCAAGTCATC-1,LEAF312
L9.CTAAGACGTCATACTG-1,LEAF313
L9.CTAACTTAGTGTGGCA-1,LEAF314
L9.CGTTGGGTCAAACCAC-1,LEAF315
L9.CGTTCTGAGATATGCA-1,LEAF316
L9.CGTTAGACACGAGGTA-1,LEAF317
L9.CGTGAGCGTATTCTCT-1,LEAF318
L9.CGTGAGCAGACTAGAT-1,LEAF319
L9.CGTCCATTCCTGCAGG-1,LEAF320
L9.CGTAGGCCATGGTTGT-1,LEAF321
L9.CGTAGGCCATACGCTA-1,LEAF322
L9.CGTAGCGGTAGCTAAA-1,LEAF323
L9.CGGTTAATCAGTTGAC-1,LEAF324
L9.CGGGTCATCTTATCTG-1,LEAF325
L9.CGGGTCAGTGCATCTA-1,LEAF326
L9.CGGCTAGTCACCGTAA-1,LEAF327
L9.CGGAGTCGTAATCGTC-1,LEAF328
L9.CGGAGTCAGCCCTAAT-1,LEAF329
L9.CGGAGCTAGCTACCTA-1,LEAF330
L9.CGGACTGTCTCCAGGG-1,LEAF331
L9.CGGACTGAGCTAGTGG-1,LEAF332
L9.CGGACGTTCCGCATAA-1,LEAF333
L9.CGGACGTGTGACTCAT-1,LEAF334
L9.CGCTGGAGTGTGGTTT-1,LEAF335
L9.CGCTGGACAGGTGCCT-1,LEAF336
L9.CGCTATCCAGGCTGAA-1,LEAF337
L9.CGCGTTTGTGTGAATA-1,LEAF338
L9.CGCGTTTGTGATGTGG-1,LEAF339
L9.CGATTGATCCGCAAGC-1,LEAF340
L9.CGATCGGGTTCCCTTG-1,LEAF341
L9.CGAGCCATCGAGCCCA-1,LEAF342
L9.CGAGCACGTCGCGAAA-1,LEAF343
L9.CGAGCACGTCAAGCGA-1,LEAF344
L9.CGAGAAGTCAGATAAG-1,LEAF345
L9.CGACTTCCAAACAACA-1,LEAF346
L9.CGACCTTTCTGTTTGT-1,LEAF347
L9.CGACCTTTCTAACGGT-1,LEAF348
L9.CGAATGTCATGTTGAC-1,LEAF349
L9.CGAATGTAGCGATATA-1,LEAF350
L9.CGAATGTAGATGAGAG-1,LEAF351
L9.CGAACATGTTGCCTCT-1,LEAF352
L9.CCTTTCTGTGTGACGA-1,LEAF353
L9.CCTTCCCTCATAGCAC-1,LEAF354
L9.CCTTCCCCAGTCGTGC-1,LEAF355
L9.CCTTCCCCAGTATAAG-1,LEAF356
L9.CCTTACGGTCGTCTTC-1,LEAF357
L9.CCTATTATCCAAGTAC-1,LEAF358
L9.CCTACACCACCCTATC-1,LEAF359
L9.CCTAAAGCACTGTTAG-1,LEAF360
L9.CCGTGGATCAGAGACG-1,LEAF361
L9.CCGTGGAGTTCGTGAT-1,LEAF362
L9.CCGTACTAGACGACGT-1,LEAF363
L9.CCCTCCTTCTGTTTGT-1,LEAF364
L9.CCCTCCTAGGCGACAT-1,LEAF365
L9.CCATTCGCACCGAAAG-1,LEAF366
L9.CCATTCGAGTGAACGC-1,LEAF367
L9.CCATGTCTCTCTGTCG-1,LEAF368
L9.CCAGCGAGTCCGAAGA-1,LEAF369
L9.CCACTACGTCGCGTGT-1,LEAF370
L9.CCACTACGTCCGCTGA-1,LEAF371
L9.CCACTACAGACGCACA-1,LEAF372
L9.CCACGGATCGTCCGTT-1,LEAF373
L9.CATTATCAGGAGTTTA-1,LEAF374
L9.CATGGCGAGTGACTCT-1,LEAF375
L9.CATGCCTCACTTAACG-1,LEAF376
L9.CATGACAGTTGGACCC-1,LEAF377
L9.CATCCACTCGACGGAA-1,LEAF378
L9.CAGTCCTCATTGAGCT-1,LEAF379
L9.CAGTCCTCATGCCCGA-1,LEAF380
L9.CAGTAACCACCGAAAG-1,LEAF381
L9.CAGCTAATCTAAGCCA-1,LEAF382
L9.CAGCTAAGTACAAGTA-1,LEAF383
L9.CAGCGACTCCTATTCA-1,LEAF384
L9.CAGCCGATCGATCCCT-1,LEAF385
L9.CAGCCGAGTCCATGAT-1,LEAF386
L9.CAGCCGAAGACCACGA-1,LEAF387
L9.CAGATCATCAGGTAAA-1,LEAF388
L9.CAGATCAGTTCTGTTT-1,LEAF389
L9.CAGAGAGCATGGGACA-1,LEAF390
L9.CACTCCAAGAGCCCAA-1,LEAF391
L9.CACCTTGGTCCTCCAT-1,LEAF392
L9.CACCTTGCAACACCTA-1,LEAF393
L9.CACCAGGTCGTCCAGG-1,LEAF394
L9.CACCAGGCACCAACCG-1,LEAF395
L9.CACCACTTCAAACAAG-1,LEAF396
L9.CACCACTGTGCAACTT-1,LEAF397
L9.CACACTCCATAAGACA-1,LEAF398
L9.CACACTCCAGCCAGAA-1,LEAF399
L9.CACACTCCAAGTTCTG-1,LEAF400
L9.CACACAATCTCGCTTG-1,LEAF401
L9.CACACAAAGAAGGTTT-1,LEAF402
L9.CACAAACTCCGCGCAA-1,LEAF403
L9.CAAGTTGTCGCGTTTC-1,LEAF404
L9.CAACCAATCTGACCTC-1,LEAF405
L9.ATTTCTGTCGGCGGTT-1,LEAF406
L9.ATTTCTGAGGCAGTCA-1,LEAF407
L9.ATTGGACAGACGCTTT-1,LEAF408
L9.ATTCTACAGGACATTA-1,LEAF409
L9.ATGTGTGGTAGGGTAC-1,LEAF410
L9.ATGTGTGCACAACTGT-1,LEAF411
L9.ATCTACTCATGTCGAT-1,LEAF412
L9.ATCTACTAGCGTAGTG-1,LEAF413
L9.ATCGAGTCAGATCGGA-1,LEAF414
L9.ATCATGGAGCTAACTC-1,LEAF415
L9.ATCATCTTCAGGCCCA-1,LEAF416
L9.ATCACGAGTCTTTCAT-1,LEAF417
L9.ATCACGAGTCTAGTGT-1,LEAF418
L9.ATAGACCTCGGTTAAC-1,LEAF419
L9.ATAGACCCACGTTGGC-1,LEAF420
L9.ATAGACCCACGGCTAC-1,LEAF421
L9.AGTTGGTTCAACACTG-1,LEAF422
L9.AGTGTCAGTGTGAAAT-1,LEAF423
L9.AGTGGGAGTTCCAACA-1,LEAF424
L9.AGTGAGGAGACTTGAA-1,LEAF425
L9.AGTAGTCTCTGCCAGG-1,LEAF426
L9.AGTAGTCAGCTACCTA-1,LEAF427
L9.AGTAGTCAGCGTCAAG-1,LEAF428
L9.AGGTCATCATGCATGT-1,LEAF429
L9.AGGCCGTTCTTAGCCC-1,LEAF430
L9.AGGCCACTCGAACTGT-1,LEAF431
L9.AGCTCTCCATCTACGA-1,LEAF432
L9.AGCTCTCCATCAGTCA-1,LEAF433
L9.AGCGTATTCATCTGCC-1,LEAF434
L9.AGCCTAAAGTGTCCCG-1,LEAF435
L9.AGCCTAAAGATCTGCT-1,LEAF436
L9.AGCAGCCTCTCCGGTT-1,LEAF437
L9.AGATTGCAGTTTGCGT-1,LEAF438
L9.ACTTTCAAGTATGACA-1,LEAF439
L9.ACTTGTTGTACCATCA-1,LEAF440
L9.ACTTGTTAGTACGTAA-1,LEAF441
L9.ACTTGTTAGGCCATAG-1,LEAF442
L9.ACTTACTTCCGTACAA-1,LEAF443
L9.ACGTCAAAGTTCGCAT-1,LEAF444
L9.ACGTCAAAGATGGGTC-1,LEAF445
L9.ACGGGCTGTAAGTAGT-1,LEAF446
L9.ACGGCCATCCCGACTT-1,LEAF447
L9.ACGCCAGGTCCGAACC-1,LEAF448
L9.ACGATACTCCACGTGG-1,LEAF449
L9.ACGATACTCAGATAAG-1,LEAF450
L9.ACGATACGTTCGAATC-1,LEAF451
L9.ACGATACAGTGTGAAT-1,LEAF452
L9.ACCTTTATCGCTTGTC-1,LEAF453
L9.ACCTTTAGTTTAGGAA-1,LEAF454
L9.ACCTTTAGTCAAACTC-1,LEAF455
L9.ACCGTAATCAGCTCTC-1,LEAF456
L9.ACCCACTCACGGCGTT-1,LEAF457
L9.ACCCACTAGCGTGTCC-1,LEAF458
L9.ACCAGTATCTGCGACG-1,LEAF459
L9.ACATGGTAGAAGGGTA-1,LEAF460
L9.ACATCAGCAGCTCCGA-1,LEAF461
L9.ACAGCCGGTCAGAGGT-1,LEAF462
L9.ACACCGGAGCCGATTT-1,LEAF463
L9.ACACCAAAGCTAGGCA-1,LEAF464
L9.AATCGGTGTGGTCTCG-1,LEAF465
L9.AATCGGTCACGTGAGA-1,LEAF466
L9.AATCCAGTCCGCTGTT-1,LEAF467
L9.AAGGCAGGTTCCCTTG-1,LEAF468
L9.AAGGCAGAGAGACGAA-1,LEAF469
L9.AAGGAGCTCGGCTTGG-1,LEAF470
L9.AAGACCTTCAGAGCTT-1,LEAF471
L9.AAGACCTCAATAGAGT-1,LEAF472
L9.AACTCCCGTCTCTTTA-1,LEAF473
L9.AACGTTGCATATGCTG-1,LEAF474
L9.AACGTTGAGGTCGGAT-1,LEAF475
L9.AACACGTTCACCACCT-1,LEAF476
L9.AAAGCAACAGGACGTA-1,LEAF477
L9.AAACCTGAGTAGGTGC-1,LEAF478
L8.TTTGTCACAGGATTGG-1,LEAF479
L8.TTTCCTCTCTTCAACT-1,LEAF480
L8.TTTCCTCTCGTCACGG-1,LEAF481
L8.TTTATGCCAATGACCT-1,LEAF482
L8.TTGGCAAAGGTCGGAT-1,LEAF483
L8.TTCTACAAGCAGCCTC-1,LEAF484
L8.TTCGGTCGTGATGTCT-1,LEAF485
L8.TTAACTCTCGGAATCT-1,LEAF486
L8.TGTGGTATCTTTAGGG-1,LEAF487
L8.TGGTTCCCATGCCACG-1,LEAF488
L8.TGGGAAGAGCGTTTAC-1,LEAF489
L8.TGCTGCTCATAGGATA-1,LEAF490
L8.TGCTACCAGGATATAC-1,LEAF491
L8.TGCGTGGAGAAACGAG-1,LEAF492
L8.TGCCCTAGTCCTAGCG-1,LEAF493
L8.TGATTTCTCACCCGAG-1,LEAF494
L8.TGAGCCGCACTTAACG-1,LEAF495
L8.TGAGCCGAGTATGACA-1,LEAF496
L8.TGACTTTGTTAAGTAG-1,LEAF497
L8.TGACTAGGTTAGATGA-1,LEAF498
L8.TGAAAGATCAAGAAGT-1,LEAF499
L8.TCTGGAATCTGGCGAC-1,LEAF500
L8.TCTCATATCTTGAGAC-1,LEAF501
L8.TCTATTGCACATCCAA-1,LEAF502
L8.TCGAGGCGTATAAACG-1,LEAF503
L8.TCCACACCAAGGACTG-1,LEAF504
L8.TCAGGATAGACCTAGG-1,LEAF505
L8.TCAGCAATCGTCTGCT-1,LEAF506
L8.TCACGAATCCCATTAT-1,LEAF507
L8.TACTTGTGTGTAAGTA-1,LEAF508
L8.TACTTGTAGACACGAC-1,LEAF509
L8.TACGGGCGTCGAAAGC-1,LEAF510
L8.TACGGATAGGGAACGG-1,LEAF511
L8.GTTACAGTCCAATGGT-1,LEAF512
L8.GTGGGTCCATCACGAT-1,LEAF513
L8.GTGCAGCTCGTTGACA-1,LEAF514
L8.GTCAAGTGTTCCACAA-1,LEAF515
L8.GTACGTACATGGATGG-1,LEAF516
L8.GTACGTAAGTTAACGA-1,LEAF517
L8.GGGCACTAGTCCGTAT-1,LEAF518
L8.GGGAGATTCTAACGGT-1,LEAF519
L8.GGGAGATCAGCGTAAG-1,LEAF520
L8.GGCGTGTAGCATCATC-1,LEAF521
L8.GGCCGATGTGAGTGAC-1,LEAF522
L8.GGAGCAAAGCTCCCAG-1,LEAF523
L8.GGACAGAGTTAAGGGC-1,LEAF524
L8.GCTCCTAGTTCGTGAT-1,LEAF525
L8.GCGGGTTGTCCAGTGC-1,LEAF526
L8.GCATGTAGTAAGTTCC-1,LEAF527
L8.GCATGATTCCTAGGGC-1,LEAF528
L8.GCAGTTACAATGGATA-1,LEAF529
L8.GCAGCCAAGTCTCAAC-1,LEAF530
L8.GCACTCTGTTTGACTG-1,LEAF531
L8.GATCTAGTCTGGCGTG-1,LEAF532
L8.GAGGTGATCCGCGTTT-1,LEAF533
L8.GAGGTGACACATCCGG-1,LEAF534
L8.GACTGCGTCTCTTGAT-1,LEAF535
L8.GACGTGCTCGAACGGA-1,LEAF536
L8.GACGTGCAGAATAGGG-1,LEAF537
L8.GACGGCTGTGTGGTTT-1,LEAF538
L8.GACACGCAGCTACCGC-1,LEAF539
L8.GAAGCAGTCCCTCAGT-1,LEAF540
L8.GAAACTCTCATACGGT-1,LEAF541
L8.CTTCTCTTCTCCGGTT-1,LEAF542
L8.CTTAGGATCACTCTTA-1,LEAF543
L8.CTCTGGTAGGGATCTG-1,LEAF544
L8.CTCGGAGCAAACCTAC-1,LEAF545
L8.CTCGAGGTCTGCGGCA-1,LEAF546
L8.CTCATTAGTTTGTTGG-1,LEAF547
L8.CTCACACCAAACCTAC-1,LEAF548
L8.CTACGTCAGAAACCGC-1,LEAF549
L8.CGTTAGACAGTGGGAT-1,LEAF550
L8.CGTGTCTCAGCATACT-1,LEAF551
L8.CGTCCATCACACGCTG-1,LEAF552
L8.CGTCACTCACGAAATA-1,LEAF553
L8.CGGAGTCTCGTGTAGT-1,LEAF554
L8.CGGAGCTTCGGAAATA-1,LEAF555
L8.CGGACACTCTCTGCTG-1,LEAF556
L8.CGCTTCACACCTGGTG-1,LEAF557
L8.CGCCAAGTCCCATTAT-1,LEAF558
L8.CGATGTAAGGAGCGTT-1,LEAF559
L8.CGATCGGCATACTACG-1,LEAF560
L8.CGACTTCAGACCTAGG-1,LEAF561
L8.CCTACCAGTCAGAATA-1,LEAF562
L8.CCTACACAGGTGCAAC-1,LEAF563
L8.CCTAAAGAGACTAGAT-1,LEAF564
L8.CCGTACTCAGCTGCTG-1,LEAF565
L8.CCGGTAGTCAGATAAG-1,LEAF566
L8.CCGGGATCACCTGGTG-1,LEAF567
L8.CCCATACAGATCTGCT-1,LEAF568
L8.CATTCGCCAGCGTCCA-1,LEAF569
L8.CATCGGGAGGCTCATT-1,LEAF570
L8.CACCAGGTCTACTTAC-1,LEAF571
L8.CAAGTTGCATATGGTC-1,LEAF572
L8.CAAGGCCCACCCAGTG-1,LEAF573
L8.CAAGATCGTGCCTGGT-1,LEAF574
L8.CAAGAAAGTCGCGGTT-1,LEAF575
L8.CAACCAAGTGTCGCTG-1,LEAF576
L8.ATTATCCGTGATGATA-1,LEAF577
L8.ATGTGTGCAATGTAAG-1,LEAF578
L8.ATCTGCCGTTGATTGC-1,LEAF579
L8.ATCCGAAAGCGATATA-1,LEAF580
L8.AGGTCCGTCCCTGACT-1,LEAF581
L8.AGGGAGTCACTGAAGG-1,LEAF582
L8.AGCTCTCGTAGCAAAT-1,LEAF583
L8.AGCTCTCCATGAACCT-1,LEAF584
L8.AGCCTAAAGCGAGAAA-1,LEAF585
L8.AGCAGCCAGGCGATAC-1,LEAF586
L8.AGATTGCTCTGGCGAC-1,LEAF587
L8.ACTGAGTCAAAGCAAT-1,LEAF588
L8.ACTATCTTCTTGCAAG-1,LEAF589
L8.ACGGGTCAGGTGCACA-1,LEAF590
L8.ACGGCCATCAGGTTCA-1,LEAF591
L8.ACGGCCACATGAACCT-1,LEAF592
L8.ACGGAGATCATGTCCC-1,LEAF593
L8.ACGCCGAAGGCTATCT-1,LEAF594
L8.ACGATGTAGGATGGTC-1,LEAF595
L8.ACACCGGCATGCATGT-1,LEAF596
L8.ACACCGGAGTCCCACG-1,LEAF597
L8.ACACCCTTCTGTTTGT-1,LEAF598
L8.ACACCAAGTCGTTGTA-1,LEAF599
L8.ACACCAACATTCCTGC-1,LEAF600
L8.AACTCCCTCGTCTGCT-1,LEAF601
L11.TTTGTCATCATGTAGC-1,LEAF602
L11.TTTGTCAGTGTCAATC-1,LEAF603
L11.TTTGTCACATTCTCAT-1,LEAF604
L11.TTTGGTTCAAGTTAAG-1,LEAF605
L11.TTTGCGCTCACAAACC-1,LEAF606
L11.TTTGCGCGTCAATACC-1,LEAF607
L11.TTTGCGCAGGCGACAT-1,LEAF608
L11.TTTCCTCTCGAATGGG-1,LEAF609
L11.TTTATGCGTGTGGCTC-1,LEAF610
L11.TTTATGCGTGCTCTTC-1,LEAF611
L11.TTTACTGAGAGGTTGC-1,LEAF612
L11.TTGTAGGGTCTGATTG-1,LEAF613
L11.TTGTAGGAGTGAACAT-1,LEAF614
L11.TTGGCAATCTAGCACA-1,LEAF615
L11.TTGGCAATCGTTACAG-1,LEAF616
L11.TTGGCAAGTCCAAGTT-1,LEAF617
L11.TTGGCAACACACTGCG-1,LEAF618
L11.TTGGCAACAAGTACCT-1,LEAF619
L11.TTGGAACGTTCTGTTT-1,LEAF620
L11.TTGGAACGTCTGCAAT-1,LEAF621
L11.TTGGAACCACGGATAG-1,LEAF622
L11.TTGCGTCCATAAGACA-1,LEAF623
L11.TTGCGTCCAGGCAGTA-1,LEAF624
L11.TTGCGTCCAGCCTTTC-1,LEAF625
L11.TTGCGTCAGCATCATC-1,LEAF626
L11.TTGCCGTGTTAAGGGC-1,LEAF627
L11.TTGCCGTAGCTGGAAC-1,LEAF628
L11.TTGAACGGTAAGTGGC-1,LEAF629
L11.TTCTTAGTCCAACCAA-1,LEAF630
L11.TTCTCCTTCCCTAATT-1,LEAF631
L11.TTCTCCTGTCAAGCGA-1,LEAF632
L11.TTCTCCTCATTGGTAC-1,LEAF633
L11.TTCTCCTCATCGGGTC-1,LEAF634
L11.TTCTCAATCCCTAATT-1,LEAF635
L11.TTCTCAACATACGCCG-1,LEAF636
L11.TTCTACATCTAACTGG-1,LEAF637
L11.TTCGGTCTCCTCAACC-1,LEAF638
L11.TTCGGTCCAGGACGTA-1,LEAF639
L11.TTCGAAGGTTCAGACT-1,LEAF640
L11.TTCGAAGGTCTTGTCC-1,LEAF641
L11.TTCCCAGCAGATGAGC-1,LEAF642
L11.TTATGCTGTTCGTTGA-1,LEAF643
L11.TTATGCTGTCACACGC-1,LEAF644
L11.TTATGCTCAAGCCATT-1,LEAF645
L11.TTATGCTAGGACCACA-1,LEAF646
L11.TTAGTTCCACAAGCCC-1,LEAF647
L11.TTAGTTCAGGTCGGAT-1,LEAF648
L11.TTAGGCACATGCCTAA-1,LEAF649
L11.TTAGGCAAGTCACGCC-1,LEAF650
L11.TTAGGACCAGCCTGTG-1,LEAF651
L11.TTAGGACCACCGATAT-1,LEAF652
L11.TTAGGACAGACTTTCG-1,LEAF653
L11.TTAACTCGTCTAGGTT-1,LEAF654
L11.TTAACTCGTACGACCC-1,LEAF655
L11.TTAACTCCAGCTCCGA-1,LEAF656
L11.TGTTCCGTCTTGTCAT-1,LEAF657
L11.TGTTCCGTCTTCTGGC-1,LEAF658
L11.TGTTCCGGTCAACATC-1,LEAF659
L11.TGTTCCGGTAATCACC-1,LEAF660
L11.TGTTCCGCAGTAAGAT-1,LEAF661
L11.TGTGTTTTCGCGTTTC-1,LEAF662
L11.TGTGTTTTCACTTACT-1,LEAF663
L11.TGTGTTTCATGAACCT-1,LEAF664
L11.TGTGTTTAGGCGACAT-1,LEAF665
L11.TGTGGTAAGTCATCCA-1,LEAF666
L11.TGTCCCATCTTTCCTC-1,LEAF667
L11.TGTCCCATCGTAGGTT-1,LEAF668
L11.TGTCCCATCCTTTCGG-1,LEAF669
L11.TGTCCCACATGGTTGT-1,LEAF670
L11.TGTATTCTCAGTTAGC-1,LEAF671
L11.TGTATTCAGTGTACCT-1,LEAF672
L11.TGTATTCAGAACTCGG-1,LEAF673
L11.TGGTTCCTCTGGCGTG-1,LEAF674
L11.TGGTTCCGTGAAATCA-1,LEAF675
L11.TGGTTCCCACGGTGTC-1,LEAF676
L11.TGGTTCCCACCAGATT-1,LEAF677
L11.TGGTTAGTCCGTACAA-1,LEAF678
L11.TGGTTAGTCAGCGACC-1,LEAF679
L11.TGGTTAGGTGAAAGAG-1,LEAF680
L11.TGGTTAGCATACTACG-1,LEAF681
L11.TGGTTAGAGATGTGGC-1,LEAF682
L11.TGGGCGTAGGATCGCA-1,LEAF683
L11.TGGCTGGAGTCCGGTC-1,LEAF684
L11.TGGCTGGAGACGACGT-1,LEAF685
L11.TGGCGCACAATCCGAT-1,LEAF686
L11.TGGCCAGAGTGAAGAG-1,LEAF687
L11.TGGCCAGAGTACGATA-1,LEAF688
L11.TGGACGCAGAGCTATA-1,LEAF689
L11.TGCTGCTTCAGCTCTC-1,LEAF690
L11.TGCTGCTGTCGGGTCT-1,LEAF691
L11.TGCTACCTCGTGACAT-1,LEAF692
L11.TGCTACCAGTAGATGT-1,LEAF693
L11.TGCGTGGTCAACTCTT-1,LEAF694
L11.TGCGTGGCACTATCTT-1,LEAF695
L11.TGCGTGGAGGGAACGG-1,LEAF696
L11.TGCGGGTTCATCGCTC-1,LEAF697
L11.TGCGGGTTCAGCTGGC-1,LEAF698
L11.TGCGCAGGTCGAGTTT-1,LEAF699
L11.TGCGCAGAGCTCCTCT-1,LEAF700
L11.TGCCCTAGTATAATGG-1,LEAF701
L11.TGCCCATAGCGTCAAG-1,LEAF702
L11.TGCCAAAGTGTTCGAT-1,LEAF703
L11.TGCACCTTCCCGACTT-1,LEAF704
L11.TGCACCTTCAGTTGAC-1,LEAF705
L11.TGCACCTGTAGCACGA-1,LEAF706
L11.TGAGGGATCGCAGGCT-1,LEAF707
L11.TGAGGGATCACGACTA-1,LEAF708
L11.TGAGGGAGTCGTTGTA-1,LEAF709
L11.TGAGGGACAGCTGTGC-1,LEAF710
L11.TGAGCCGTCAACACAC-1,LEAF711
L11.TGAGCCGGTAAGTGTA-1,LEAF712
L11.TGAGCATCATGGGAAC-1,LEAF713
L11.TGAGAGGTCCGGGTGT-1,LEAF714
L11.TGAGAGGGTTCAACCA-1,LEAF715
L11.TGACTTTCAAGCCGCT-1,LEAF716
L11.TGACTAGGTCCGTGAC-1,LEAF717
L11.TGACTAGCATCATCCC-1,LEAF718
L11.TGACGGCGTGATGATA-1,LEAF719
L11.TGACAACGTCGCGAAA-1,LEAF720
L11.TGAAAGAAGTGTACCT-1,LEAF721
L11.TCTTTCCTCTACTTAC-1,LEAF722
L11.TCTTTCCTCGACAGCC-1,LEAF723
L11.TCTTCGGTCGTCTGAA-1,LEAF724
L11.TCTTCGGGTCTCAACA-1,LEAF725
L11.TCTTCGGAGTGAAGTT-1,LEAF726
L11.TCTGGAATCTACGAGT-1,LEAF727
L11.TCTGAGATCGTTTATC-1,LEAF728
L11.TCTGAGACAGGAACGT-1,LEAF729
L11.TCTCATATCTATGTGG-1,LEAF730
L11.TCTCATAAGTTATCGC-1,LEAF731
L11.TCTATTGTCTCGGACG-1,LEAF732
L11.TCTATTGTCCATGCTC-1,LEAF733
L11.TCTATTGGTCTCTCTG-1,LEAF734
L11.TCTATTGGTCGCGTGT-1,LEAF735
L11.TCTATTGCAATGAATG-1,LEAF736
L11.TCTATTGAGACCCACC-1,LEAF737
L11.TCGTAGACACTATCTT-1,LEAF738
L11.TCGTACCCAGACAGGT-1,LEAF739
L11.TCGGTAACAAACTGCT-1,LEAF740
L11.TCGGTAAAGAGGTTGC-1,LEAF741
L11.TCGGGACAGAACTGTA-1,LEAF742
L11.TCGCGTTCATCGGTTA-1,LEAF743
L11.TCGCGTTCAGTGAGTG-1,LEAF744
L11.TCGCGTTCAGAGCCAA-1,LEAF745
L11.TCGAGGCCAAGCCGTC-1,LEAF746
L11.TCCCGATCACGGTAAG-1,LEAF747
L11.TCCACACGTAGGGTAC-1,LEAF748
L11.TCCACACCACCATGTA-1,LEAF749
L11.TCATTTGTCAGCATGT-1,LEAF750
L11.TCATTACAGTGGACGT-1,LEAF751
L11.TCAGCTCTCGAGCCCA-1,LEAF752
L11.TCAGCTCGTTATCGGT-1,LEAF753
L11.TCAGATGGTGCTTCTC-1,LEAF754
L11.TCAGATGAGTGTACCT-1,LEAF755
L11.TCACGAACAAACGTGG-1,LEAF756
L11.TCACAAGTCCCTGACT-1,LEAF757
L11.TCAACGAGTTGATTGC-1,LEAF758
L11.TCAACGAGTCAATACC-1,LEAF759
L11.TCAACGAAGAATTCCC-1,LEAF760
L11.TATTACCGTCTTCTCG-1,LEAF761
L11.TATTACCAGCGTAGTG-1,LEAF762
L11.TATCTCAGTCGAACAG-1,LEAF763
L11.TATCTCAGTAAGTAGT-1,LEAF764
L11.TATCAGGTCTGTCCGT-1,LEAF765
L11.TATCAGGTCAAGATCC-1,LEAF766
L11.TAGTTGGAGAGACGAA-1,LEAF767
L11.TAGTGGTTCCGCAGTG-1,LEAF768
L11.TAGTGGTTCATACGGT-1,LEAF769
L11.TAGTGGTTCAGCTGGC-1,LEAF770
L11.TAGTGGTGTTCAGCGC-1,LEAF771
L11.TAGTGGTCACGGCCAT-1,LEAF772
L11.TAGGCATTCGCTAGCG-1,LEAF773
L11.TAGGCATTCCTTGCCA-1,LEAF774
L11.TAGACCACATTGTGCA-1,LEAF775
L11.TAGACCAAGTCGTACT-1,LEAF776
L11.TACTTGTTCTGTTGAG-1,LEAF777
L11.TACTTGTTCGTGGGAA-1,LEAF778
L11.TACTTGTGTGGCAAAC-1,LEAF779
L11.TACTTACGTTGCGTTA-1,LEAF780
L11.TACTTACCAGGGTTAG-1,LEAF781
L11.TACTTACCACACTGCG-1,LEAF782
L11.TACTCGCCAATGAATG-1,LEAF783
L11.TACTCATGTAACGACG-1,LEAF784
L11.TACGGTATCGCCAAAT-1,LEAF785
L11.TACCTTACATGTCGAT-1,LEAF786
L11.TACCTATTCTACTATC-1,LEAF787
L11.TAAGTGCGTGCGATAG-1,LEAF788
L11.TAAGTGCAGTGTGGCA-1,LEAF789
L11.TAAACCGTCCAAGTAC-1,LEAF790
L11.GTTTCTATCTGCCAGG-1,LEAF791
L11.GTTCATTTCGTGGACC-1,LEAF792
L11.GTTCATTGTGGTAACG-1,LEAF793
L11.GTTAAGCTCTGCGACG-1,LEAF794
L11.GTGTTAGTCTAACGGT-1,LEAF795
L11.GTGTGCGTCTTCGAGA-1,LEAF796
L11.GTGTGCGGTGGGTCAA-1,LEAF797
L11.GTGTGCGAGCGATATA-1,LEAF798
L11.GTGGGTCCATTCTCAT-1,LEAF799
L11.GTGCTTCTCGTAGGTT-1,LEAF800
L11.GTGCTTCAGCGATGAC-1,LEAF801
L11.GTGCGGTTCGGTCTAA-1,LEAF802
L11.GTGCGGTGTCTCCATC-1,LEAF803
L11.GTGCGGTGTAGCGCTC-1,LEAF804
L11.GTGCATATCATCGGAT-1,LEAF805
L11.GTGAAGGGTCTTGTCC-1,LEAF806
L11.GTCTTCGAGGTCGGAT-1,LEAF807
L11.GTCTTCGAGGGAGTAA-1,LEAF808
L11.GTCGTAAGTTGTACAC-1,LEAF809
L11.GTCCTCATCCAGTATG-1,LEAF810
L11.GTCCTCAGTTGGTTTG-1,LEAF811
L11.GTCATTTCATCCGCGA-1,LEAF812
L11.GTCATTTCAGGCTCAC-1,LEAF813
L11.GTATTCTAGGATGTAT-1,LEAF814
L11.GTATTCTAGCCCAACC-1,LEAF815
L11.GTAGTCAAGTTACGGG-1,LEAF816
L11.GTAGGCCTCTGATACG-1,LEAF817
L11.GTAGGCCTCGCCATAA-1,LEAF818
L11.GTAGGCCGTAAGGGAA-1,LEAF819
L11.GTAGGCCGTAAGAGGA-1,LEAF820
L11.GTACGTATCGTCGTTC-1,LEAF821
L11.GTACGTATCCGCGTTT-1,LEAF822
L11.GTAACTGTCGAATGCT-1,LEAF823
L11.GTAACTGTCCTATTCA-1,LEAF824
L11.GGTGTTAAGGCATTGG-1,LEAF825
L11.GGTGCGTCAAAGGAAG-1,LEAF826
L11.GGTGAAGAGCCACGTC-1,LEAF827
L11.GGTATTGTCTTGTACT-1,LEAF828
L11.GGTATTGCACGCCAGT-1,LEAF829
L11.GGGTTGCCAGACAAAT-1,LEAF830
L11.GGGTCTGCATGGGAAC-1,LEAF831
L11.GGGATGAAGTTGTCGT-1,LEAF832
L11.GGGAATGGTGGTCCGT-1,LEAF833
L11.GGGAATGGTCCTCTTG-1,LEAF834
L11.GGCGACTCACGTCTCT-1,LEAF835
L11.GGCCGATGTACCCAAT-1,LEAF836
L11.GGCAATTGTAGCGCAA-1,LEAF837
L11.GGCAATTCACCATGTA-1,LEAF838
L11.GGCAATTAGGCAGTCA-1,LEAF839
L11.GGATTACGTAAAGGAG-1,LEAF840
L11.GGATGTTGTAACGACG-1,LEAF841
L11.GGAGCAAAGTTACCCA-1,LEAF842
L11.GGACATTGTCCATCCT-1,LEAF843
L11.GGACAGAAGACCACGA-1,LEAF844
L11.GGACAAGGTCAGGACA-1,LEAF845
L11.GGAATAAAGTTGAGAT-1,LEAF846
L11.GGAACTTAGAGGGATA-1,LEAF847
L11.GGAAAGCTCCCAACGG-1,LEAF848
L11.GGAAAGCAGCCAGTTT-1,LEAF849
L11.GGAAAGCAGAAGGTGA-1,LEAF850
L11.GCTTGAAGTGACGCCT-1,LEAF851
L11.GCTTCCAAGGGTATCG-1,LEAF852
L11.GCTGCAGAGCCAGTAG-1,LEAF853
L11.GCTCTGTAGACAAGCC-1,LEAF854
L11.GCTCCTAGTGTAATGA-1,LEAF855
L11.GCTCCTAGTCTCAACA-1,LEAF856
L11.GCGGGTTGTGTTAAGA-1,LEAF857
L11.GCGGGTTCATTCCTCG-1,LEAF858
L11.GCGCCAATCTTTCCTC-1,LEAF859
L11.GCGCAACGTTAAGACA-1,LEAF860
L11.GCGCAACAGAATAGGG-1,LEAF861
L11.GCGACCATCTCTTGAT-1,LEAF862
L11.GCGACCAAGCCAACAG-1,LEAF863
L11.GCCTCTAAGCGATATA-1,LEAF864
L11.GCCAAATTCCAGAGGA-1,LEAF865
L11.GCATGTAGTCTAAAGA-1,LEAF866
L11.GCATGTACATGGGAAC-1,LEAF867
L11.GCATGCGTCCCAAGTA-1,LEAF868
L11.GCATGCGGTAACGACG-1,LEAF869
L11.GCATGCGCAGCGATCC-1,LEAF870
L11.GCATACAAGACCGGAT-1,LEAF871
L11.GCATACAAGAAGGACA-1,LEAF872
L11.GCAGTTACATATGAGA-1,LEAF873
L11.GCACATACACCTTGTC-1,LEAF874
L11.GCAATCAGTCTCATCC-1,LEAF875
L11.GCAAACTCATCGACGC-1,LEAF876
L11.GATGAGGGTCCGAACC-1,LEAF877
L11.GATGAGGCAATGGAGC-1,LEAF878
L11.GATGAAAGTTACTGAC-1,LEAF879
L11.GATCTAGAGTGTCCAT-1,LEAF880
L11.GATCGATTCCATGAAC-1,LEAF881
L11.GAGGTGATCTGGAGCC-1,LEAF882
L11.GACTACAAGCGTTTAC-1,LEAF883
L11.GACTAACGTAAGAGAG-1,LEAF884
L11.GACTAACCAAAGTCAA-1,LEAF885
L11.GACGTGCGTCGATTGT-1,LEAF886
L11.GACGCGTAGGACACCA-1,LEAF887
L11.GACCTGGTCAGAGCTT-1,LEAF888
L11.GACCTGGGTCGAAAGC-1,LEAF889
L11.GACCTGGCACATAACC-1,LEAF890
L11.GACCAATGTCATTAGC-1,LEAF891
L11.GACACGCGTTAAGACA-1,LEAF892
L11.GACACGCCAGCATACT-1,LEAF893
L11.GACACGCAGTCGTTTG-1,LEAF894
L11.GAATGAAAGACGACGT-1,LEAF895
L11.GAAGCAGCAGGGAGAG-1,LEAF896
L11.GAACCTATCCAGTAGT-1,LEAF897
L11.GAACATCAGATGTGTA-1,LEAF898
L11.GAACATCAGAGCTGCA-1,LEAF899
L11.GAAATGATCTCAAGTG-1,LEAF900
L11.GAAATGAAGCCCAATT-1,LEAF901
L11.CTTTGCGTCACAACGT-1,LEAF902
L11.CTTTGCGCATTAGGCT-1,LEAF903
L11.CTTGGCTGTAAACACA-1,LEAF904
L11.CTTAGGAGTGTCTGAT-1,LEAF905
L11.CTTACCGGTTGCGCAC-1,LEAF906
L11.CTTACCGAGATATGCA-1,LEAF907
L11.CTGTTTACATCATCCC-1,LEAF908
L11.CTGTGCTGTCCGAATT-1,LEAF909
L11.CTGGTCTCACTTGGAT-1,LEAF910
L11.CTGCGGAAGCGTTCCG-1,LEAF911
L11.CTGCCTAAGAACTGTA-1,LEAF912
L11.CTGATCCGTCATGCAT-1,LEAF913
L11.CTGAAGTGTATCGCAT-1,LEAF914
L11.CTGAAGTAGCCTATGT-1,LEAF915
L11.CTGAAACTCTACGAGT-1,LEAF916
L11.CTGAAACGTTCCGGCA-1,LEAF917
L11.CTCTGGTTCAAGGCTT-1,LEAF918
L11.CTCTGGTCAGGCGATA-1,LEAF919
L11.CTCTGGTAGCACAGGT-1,LEAF920
L11.CTCTACGTCATGTCTT-1,LEAF921
L11.CTCTAATTCTATCCCG-1,LEAF922
L11.CTCTAATAGTGTGAAT-1,LEAF923
L11.CTCGTACCAATGTAAG-1,LEAF924
L11.CTCGAGGTCACCCTCA-1,LEAF925
L11.CTCGAGGGTGAGCGAT-1,LEAF926
L11.CTCGAAATCTCAAGTG-1,LEAF927
L11.CTCCTAGGTACCTACA-1,LEAF928
L11.CTCATTAGTTGGGACA-1,LEAF929
L11.CTCAGAAGTTTGGCGC-1,LEAF930
L11.CTAGTGACACCAGCAC-1,LEAF931
L11.CTAGCCTGTGGTTTCA-1,LEAF932
L11.CTAGCCTGTGGTCTCG-1,LEAF933
L11.CTAGCCTCAAGCTGAG-1,LEAF934
L11.CTAGAGTTCCTGTAGA-1,LEAF935
L11.CTACGTCAGGATGCGT-1,LEAF936
L11.CTACATTAGCGCCTTG-1,LEAF937
L11.CTACACCTCTTCAACT-1,LEAF938
L11.CTACACCTCGTCTGAA-1,LEAF939
L11.CTAATGGTCGCGGATC-1,LEAF940
L11.CTAATGGAGAAGATTC-1,LEAF941
L11.CTAAGACTCCAAGTAC-1,LEAF942
L11.CTAAGACCATGTAAGA-1,LEAF943
L11.CGTTCTGAGGGTGTTG-1,LEAF944
L11.CGTGTCTCACAGCCCA-1,LEAF945
L11.CGTGTCTAGTGACTCT-1,LEAF946
L11.CGTGTAAAGATCGATA-1,LEAF947
L11.CGTCTACTCGAATCCA-1,LEAF948
L11.CGTCTACCACGGCCAT-1,LEAF949
L11.CGTCTACAGTGCGATG-1,LEAF950
L11.CGTCCATCATAGTAAG-1,LEAF951
L11.CGTCAGGCAAGCTGAG-1,LEAF952
L11.CGTCACTAGCAAATCA-1,LEAF953
L11.CGTAGCGAGGCTATCT-1,LEAF954
L11.CGGCTAGCAAGTTAAG-1,LEAF955
L11.CGGACTGTCCACGTGG-1,LEAF956
L11.CGGACGTCACCGGAAA-1,LEAF957
L11.CGGACGTAGCCAGTTT-1,LEAF958
L11.CGGACACAGTTATCGC-1,LEAF959
L11.CGCTTCACAGCGTTCG-1,LEAF960
L11.CGCTTCAAGGAGTTTA-1,LEAF961
L11.CGCTGGAGTTCACGGC-1,LEAF962
L11.CGCTATCTCACAAACC-1,LEAF963
L11.CGCTATCGTGATAAGT-1,LEAF964
L11.CGCTATCAGAATTGTG-1,LEAF965
L11.CGCGTTTCAGTTTACG-1,LEAF966
L11.CGCGTTTCAAACGTGG-1,LEAF967
L11.CGCGGTATCCACGAAT-1,LEAF968
L11.CGCCAAGAGGGTGTTG-1,LEAF969
L11.CGATGGCTCACTATTC-1,LEAF970
L11.CGATGGCGTGGAAAGA-1,LEAF971
L11.CGATGGCAGGGCTCTC-1,LEAF972
L11.CGAGCCACAACTTGAC-1,LEAF973
L11.CGAGCCAAGATTACCC-1,LEAF974
L11.CGAGCACGTACCGAGA-1,LEAF975
L11.CGAGAAGTCAAACAAG-1,LEAF976
L11.CGACCTTTCCCATTTA-1,LEAF977
L11.CGAACATTCTGCCCTA-1,LEAF978
L11.CGAACATCATAGGATA-1,LEAF979
L11.CCTTTCTGTAAGGATT-1,LEAF980
L11.CCTTTCTCAAACGCGA-1,LEAF981
L11.CCTTCCCTCATCACCC-1,LEAF982
L11.CCTTCCCTCAGCTCGG-1,LEAF983
L11.CCTTCCCGTGTTGAGG-1,LEAF984
L11.CCTTACGGTCTTGTCC-1,LEAF985
L11.CCTCTGATCGTTTATC-1,LEAF986
L11.CCTCTGAGTGCGATAG-1,LEAF987
L11.CCTCAGTTCCCAAGTA-1,LEAF988
L11.CCTACCAAGAGTAATC-1,LEAF989
L11.CCTAAAGAGCTAGCCC-1,LEAF990
L11.CCGTGGATCATTGCCC-1,LEAF991
L11.CCGGTAGTCCGCAGTG-1,LEAF992
L11.CCGGGATTCTTGCAAG-1,LEAF993
L11.CCCTCCTGTTATGTGC-1,LEAF994
L11.CCCAATCTCGTTTATC-1,LEAF995
L11.CCATGTCTCGCGTAGC-1,LEAF996
L11.CCATGTCAGTAGTGCG-1,LEAF997
L11.CCACGGATCGTCTGCT-1,LEAF998
L11.CCACGGACACCTCGGA-1,LEAF999
L11.CCACGGAAGACTTGAA-1,LEAF1000
L11.CATGGCGGTATAGTAG-1,LEAF1001
L11.CATCGAAAGTGCAAGC-1,LEAF1002
L11.CATCGAAAGGATTCGG-1,LEAF1003
L11.CATCCACCATTGGCGC-1,LEAF1004
L11.CATATTCTCTCAAGTG-1,LEAF1005
L11.CATATTCAGCTGCGAA-1,LEAF1006
L11.CATATGGGTTGACGTT-1,LEAF1007
L11.CATATGGCATGGTCTA-1,LEAF1008
L11.CAGTCCTTCAAACCGT-1,LEAF1009
L11.CAGGTGCGTTAGATGA-1,LEAF1010
L11.CAGGTGCGTGCAACTT-1,LEAF1011
L11.CAGGTGCGTAAGAGAG-1,LEAF1012
L11.CAGGTGCAGCGTTTAC-1,LEAF1013
L11.CAGCTAAAGGCCATAG-1,LEAF1014
L11.CAGCGACGTTCGGGCT-1,LEAF1015
L11.CAGCAGCTCTGCCCTA-1,LEAF1016
L11.CAGCAGCTCTGAAAGA-1,LEAF1017
L11.CAGCAGCCAAAGCAAT-1,LEAF1018
L11.CAGAATCCATTCCTCG-1,LEAF1019
L11.CACCAGGGTGAGTGAC-1,LEAF1020
L11.CACCAGGCAGTATAAG-1,LEAF1021
L11.CACCAGGCACTAAGTC-1,LEAF1022
L11.CACCACTTCACTTCAT-1,LEAF1023
L11.CACAGTATCCGCTGTT-1,LEAF1024
L11.CACAGTACATAGACTC-1,LEAF1025
L11.CACACTCGTACCAGTT-1,LEAF1026
L11.CACACTCGTAATTGGA-1,LEAF1027
L11.CACACTCAGAATGTTG-1,LEAF1028
L11.CACACCTCATAAGACA-1,LEAF1029
L11.CACACAATCCATTCTA-1,LEAF1030
L11.CACACAACACCGCTAG-1,LEAF1031
L11.CACACAAAGTTGAGAT-1,LEAF1032
L11.CAAGTTGGTGCACGAA-1,LEAF1033
L11.CAAGGCCTCCGCTGTT-1,LEAF1034
L11.CAACCTCTCAATCTCT-1,LEAF1035
L11.ATTTCTGAGCTGTTCA-1,LEAF1036
L11.ATTTCTGAGCCAGTTT-1,LEAF1037
L11.ATTGGTGCAGGTGCCT-1,LEAF1038
L11.ATTGGACGTACGCTGC-1,LEAF1039
L11.ATTATCCCAGACGCTC-1,LEAF1040
L11.ATGTGTGGTGTTCTTT-1,LEAF1041
L11.ATGTGTGAGAAACCAT-1,LEAF1042
L11.ATGGGAGGTATAATGG-1,LEAF1043
L11.ATGGGAGCACCACCAG-1,LEAF1044
L11.ATCTGCCTCACGGTTA-1,LEAF1045
L11.ATCTGCCAGATGTTAG-1,LEAF1046
L11.ATCTACTAGCGATCCC-1,LEAF1047
L11.ATCGAGTTCCGTTGTC-1,LEAF1048
L11.ATCGAGTGTTGGACCC-1,LEAF1049
L11.ATCGAGTAGCCACGTC-1,LEAF1050
L11.ATCGAGTAGAACTCGG-1,LEAF1051
L11.ATCCACCAGGTAGCCA-1,LEAF1052
L11.ATCATGGTCTACTCAT-1,LEAF1053
L11.ATCATGGCACTACAGT-1,LEAF1054
L11.ATAACGCTCCTTTACA-1,LEAF1055
L11.AGTTGGTGTTACCGAT-1,LEAF1056
L11.AGTTGGTGTCGAAAGC-1,LEAF1057
L11.AGTGGGATCGAGAGCA-1,LEAF1058
L11.AGTGGGAGTCCTCTTG-1,LEAF1059
L11.AGTGAGGTCTTCGAGA-1,LEAF1060
L11.AGTGAGGTCCCTTGCA-1,LEAF1061
L11.AGTGAGGCATCTATGG-1,LEAF1062
L11.AGTCTTTTCATTGCCC-1,LEAF1063
L11.AGGTCCGCATAGACTC-1,LEAF1064
L11.AGGGAGTGTGTTAAGA-1,LEAF1065
L11.AGGCCACCAGTCTTCC-1,LEAF1066
L11.AGCTCTCTCGGCGCAT-1,LEAF1067
L11.AGCTCTCGTTCACCTC-1,LEAF1068
L11.AGCTCTCCACAACGTT-1,LEAF1069
L11.AGCGTCGGTTCTCATT-1,LEAF1070
L11.AGCGTATCAGTTTACG-1,LEAF1071
L11.AGCGGTCTCACTCCTG-1,LEAF1072
L11.AGCCTAAAGGTGTTAA-1,LEAF1073
L11.AGCATACGTGCTAGCC-1,LEAF1074
L11.AGAGCGATCAGAGACG-1,LEAF1075
L11.ACTTTCAGTAGCGTCC-1,LEAF1076
L11.ACTTTCAAGGACCACA-1,LEAF1077
L11.ACTGTCCTCGTTGCCT-1,LEAF1078
L11.ACTGTCCTCCTTGGTC-1,LEAF1079
L11.ACTGTCCTCAACGAAA-1,LEAF1080
L11.ACTGTCCCACGAAAGC-1,LEAF1081
L11.ACTGTCCAGTCGCCGT-1,LEAF1082
L11.ACTGCTCGTCGAGATG-1,LEAF1083
L11.ACTGATGAGGCGACAT-1,LEAF1084
L11.ACTGATGAGATGAGAG-1,LEAF1085
L11.ACTGATGAGAATAGGG-1,LEAF1086
L11.ACTGAGTCATGTTGAC-1,LEAF1087
L11.ACTGAGTCAACACCTA-1,LEAF1088
L11.ACTGAACTCTTGCATT-1,LEAF1089
L11.ACTGAACCAAGAAGAG-1,LEAF1090
L11.ACGGGTCCATTAGCCA-1,LEAF1091
L11.ACGGGCTGTGTGGCTC-1,LEAF1092
L11.ACGGCCAGTCTTCTCG-1,LEAF1093
L11.ACGGCCAAGGAATGGA-1,LEAF1094
L11.ACGGAGATCCGAAGAG-1,LEAF1095
L11.ACGCCGAGTTACGCGC-1,LEAF1096
L11.ACGCCAGTCATAACCG-1,LEAF1097
L11.ACGCCAGCATTCCTCG-1,LEAF1098
L11.ACGAGGAAGATATGCA-1,LEAF1099
L11.ACGAGCCGTCATTAGC-1,LEAF1100
L11.ACGAGCCGTCAAGCGA-1,LEAF1101
L11.ACGAGCCAGCCAGTTT-1,LEAF1102
L11.ACCTTTATCGCCTGAG-1,LEAF1103
L11.ACCGTAAAGGCTCTTA-1,LEAF1104
L11.ACATGGTGTTCGAATC-1,LEAF1105
L11.ACATGGTCAGGCAGTA-1,LEAF1106
L11.ACATCAGTCTTCGGTC-1,LEAF1107
L11.ACATCAGAGCGCTCCA-1,LEAF1108
L11.ACAGCCGAGGAATTAC-1,LEAF1109
L11.ACACCCTTCTAAGCCA-1,LEAF1110
L11.AATCGGTTCATTATCC-1,LEAF1111
L11.AATCGGTTCATCTGCC-1,LEAF1112
L11.AATCCAGGTGTTGGGA-1,LEAF1113
L11.AATCCAGGTACGAAAT-1,LEAF1114
L11.AAGGCAGCATTTCACT-1,LEAF1115
L11.AAGGAGCTCGTCGTTC-1,LEAF1116
L11.AAGCCGCTCCTATTCA-1,LEAF1117
L11.AAGCCGCAGCTAACAA-1,LEAF1118
L11.AAGACCTTCCAGAAGG-1,LEAF1119
L11.AACTGGTCAGATGGGT-1,LEAF1120
L11.AACTCCCTCTTCATGT-1,LEAF1121
L11.AACTCCCTCAGCGACC-1,LEAF1122
L11.AACCATGGTATTAGCC-1,LEAF1123
L11.AAAGTAGTCAAGAAGT-1,LEAF1124
L11.AAAGTAGAGTAGGCCA-1,LEAF1125
L11.AAAGTAGAGTACGCGA-1,LEAF1126
L11.AAACGGGTCTCGCATC-1,LEAF1127
L11.AAACGGGCATGTTCCC-1,LEAF1128
L11.AAACGGGCAAGCTGAG-1,LEAF1129
L10.TTTGCGCCAGTCCTTC-1,LEAF1130
L10.TTGAACGGTATGAATG-1,LEAF1131
L10.TTCTTAGAGGTGCACA-1,LEAF1132
L10.TGTTCCGCACCAGGCT-1,LEAF1133
L10.TGTCCCACAGGGTATG-1,LEAF1134
L10.TGCTGCTGTGTTTGGT-1,LEAF1135
L10.TGCTGCTGTAAGTGTA-1,LEAF1136
L10.TGCCCATGTAGCGCTC-1,LEAF1137
L10.TGATTTCGTCGCTTCT-1,LEAF1138
L10.TGAGGGATCTCGAGTA-1,LEAF1139
L10.TGAGCATTCTAACTTC-1,LEAF1140
L10.TGACGGCAGTATCTCG-1,LEAF1141
L10.TGACGGCAGGGTGTGT-1,LEAF1142
L10.TGAAAGAGTCCGCTGA-1,LEAF1143
L10.TCGTAGAAGCGTGAGT-1,LEAF1144
L10.TCGCGAGAGCAGGCTA-1,LEAF1145
L10.TCATTTGGTCTAACGT-1,LEAF1146
L10.TAGTTGGAGGTGGGTT-1,LEAF1147
L10.TAGGCATTCAAACAAG-1,LEAF1148
L10.TAGAGCTAGAGTCGGT-1,LEAF1149
L10.TACGGGCTCAGAGACG-1,LEAF1150
L10.TACGGATTCGCAGGCT-1,LEAF1151
L10.TACCTTAGTCTAGTCA-1,LEAF1152
L10.GTGGGTCCATGGGAAC-1,LEAF1153
L10.GTGCGGTCACGAGGTA-1,LEAF1154
L10.GTGCATAGTTATCCGA-1,LEAF1155
L10.GTCATTTAGTAAGTAC-1,LEAF1156
L10.GTCACGGTCCACGTTC-1,LEAF1157
L10.GTATTCTCAGCCAGAA-1,LEAF1158
L10.GTACTTTAGACCACGA-1,LEAF1159
L10.GGGCACTGTCACCTAA-1,LEAF1160
L10.GGCGACTAGCGCTTAT-1,LEAF1161
L10.GGACATTCACATCCGG-1,LEAF1162
L10.GGACAGAAGTGAACAT-1,LEAF1163
L10.GGACAGAAGATACACA-1,LEAF1164
L10.GCTCCTATCTCGTTTA-1,LEAF1165
L10.GCGAGAAAGTGTTAGA-1,LEAF1166
L10.GATCGATGTCAATGTC-1,LEAF1167
L10.GAGTCCGAGTTTAGGA-1,LEAF1168
L10.GAGGTGAAGGATGGAA-1,LEAF1169
L10.GACTACACACAGCCCA-1,LEAF1170
L10.GACGTTAGTCCTCTTG-1,LEAF1171
L10.GACCAATCAACTTGAC-1,LEAF1172
L10.GAACATCAGTCCGTAT-1,LEAF1173
L10.CTCTACGCACAGGCCT-1,LEAF1174
L10.CTCGAAAGTACCCAAT-1,LEAF1175
L10.CTAGAGTAGTTCGATC-1,LEAF1176
L10.CTAACTTCACAGCCCA-1,LEAF1177
L10.CGTTGGGGTCGCTTTC-1,LEAF1178
L10.CGTGTAATCGCATGGC-1,LEAF1179
L10.CGGGTCACACTGCCAG-1,LEAF1180
L10.CGGCTAGGTCTCCCTA-1,LEAF1181
L10.CGGACTGCAGGCGATA-1,LEAF1182
L10.CGATGTACAAGGGTCA-1,LEAF1183
L10.CGAGAAGCATACGCTA-1,LEAF1184
L10.CCTCTGAGTCTCAACA-1,LEAF1185
L10.CCTAGCTTCTCTAGGA-1,LEAF1186
L10.CCGGGATAGCTTTGGT-1,LEAF1187
L10.CCCATACCACCGAATT-1,LEAF1188
L10.CCCAGTTAGCTGTTCA-1,LEAF1189
L10.CCACTACTCACGATGT-1,LEAF1190
L10.CACAGTAAGATGGCGT-1,LEAF1191
L10.CACACAACACGGTAAG-1,LEAF1192
L10.CAAGTTGCACAACGTT-1,LEAF1193
L10.ATTACTCTCAGCACAT-1,LEAF1194
L10.ATCCACCTCTTTACGT-1,LEAF1195
L10.ATAGACCCAACTGCTA-1,LEAF1196
L10.ATAACGCTCTCGATGA-1,LEAF1197
L10.AGCGTATCACCTGGTG-1,LEAF1198
L10.AGCCTAAGTAGCTTGT-1,LEAF1199
L10.AGATTGCCATTCCTGC-1,LEAF1200
L10.AGAATAGAGCTAACAA-1,LEAF1201
L10.ACTGAACCACAGCGTC-1,LEAF1202
L10.ACACCCTAGTAATCCC-1,LEAF1203
L10.AATCGGTCAAGCCATT-1,LEAF1204
L10.AACACGTAGCTAGTGG-1,LEAF1205
L10.AAACCTGAGCTCCTCT-1,LEAF1206
